author_name,dnb_name,wikidata_id,wikidata_candidate_id,wikidata_candidate_label,wikidata_candidate_description,gnd_id,dewiki_title,wikidata_search_url,wikidata_query_error,dnb_raw_record_count,dnb_query_url,dnb_query_kind,dnb_query_error,dnb_title,check_literary_filter,dnb_belletristik_record_count,dnb_belletristik_query_url,dnb_deutsche_literatur_record_count,dnb_deutsche_literatur_query_url,dnb_literary_unique_record_count,dnb_literary_titles,dnb_literary_filter_error
Navid Kermani,"Kermani, Navid",Q99728,Q99728,Navid Kermani,German writer,121162680,Navid Kermani,https://www.wikidata.org/wiki/Special:EntityData/Q99728.json,,189,https://services.dnb.de/sru/dnb?version=1.1&operation=searchRetrieve&query=aunidref%3D121162680&recordSchema=oai_dc&maximumRecords=1,GND-linked author records,,,,,,,,,,
Nava Ebrahimi,"Ebrahimi, Nava",Q42844801,Q42844801,Nava Ebrahimi,German-Iranian writer,173913873,Nava Ebrahimi,https://www.wikidata.org/wiki/Special:EntityData/Q42844801.json,,15,https://services.dnb.de/sru/dnb?version=1.1&operation=searchRetrieve&query=aunidref%3D173913873&recordSchema=oai_dc&maximumRecords=1,GND-linked author records,,,,,,,,,,
Shida Bazyar,"Bazyar, Shida",Q23908659,Q23908659,Shida Bazyar,German writer,1082098876,Shida Bazyar,https://www.wikidata.org/wiki/Special:EntityData/Q23908659.json,,23,https://services.dnb.de/sru/dnb?version=1.1&operation=searchRetrieve&query=aunidref%3D1082098876&recordSchema=oai_dc&maximumRecords=1,GND-linked author records,,,,,,,,,,
SAID,Said,Q1773183,Q1773183,Said Mirhadi,Iranian-German poet and writer (1947-2021),11924246X,Said (Schriftsteller),https://www.wikidata.org/wiki/Special:EntityData/Q1773183.json,,51,https://services.dnb.de/sru/dnb?version=1.1&operation=searchRetrieve&query=aunidref%3D11924246X&recordSchema=oai_dc&maximumRecords=1,GND-linked author records,,,,,,,,,,
Nassir Djafari,"Djafari, Nassir",Q124742272,Q124742272,Nassir Djafari,german-iranian writer,1210074885,Nassir Djafari,https://www.wikidata.org/wiki/Special:EntityData/Q124742272.json,,5,https://services.dnb.de/sru/dnb?version=1.1&operation=searchRetrieve&query=aunidref%3D1210074885&recordSchema=oai_dc&maximumRecords=1,GND-linked author records,,,,,,,,,,
Sudabeh Mohafez,"Mohafez, Sudabeh",Q1499439,Q1499439,Sudabeh Mohafez,Iranian translator and writer,129509132,Sudabeh Mohafez,https://www.wikidata.org/wiki/Special:EntityData/Q1499439.json,,14,https://services.dnb.de/sru/dnb?version=1.1&operation=searchRetrieve&query=aunidref%3D129509132&recordSchema=oai_dc&maximumRecords=1,GND-linked author records,,,,,,,,,,
Cyrus Atabay,"Atabay, Cyrus",Q1148904,Q1148904,Cyrus Atabay,Iranian-German translator and poet,119500892,Cyrus Atabay,https://www.wikidata.org/wiki/Special:EntityData/Q1148904.json,,22,https://services.dnb.de/sru/dnb?version=1.1&operation=searchRetrieve&query=aunidref%3D119500892&recordSchema=oai_dc&maximumRecords=1,GND-linked author records,,,,,,,,,,
Mehrnousch Zaeri-Esfahani,"Zaeri-Esfahani, Mehrnousch",Q112513906,Q112513906,Mehrnousch Zaeri-Esfahani,"deutsch-iranische Autorin, Sozialpädagogin und Referentin",1095692445,Mehrnousch Zaeri-Esfahani,https://www.wikidata.org/wiki/Special:EntityData/Q112513906.json,,11,https://services.dnb.de/sru/dnb?version=1.1&operation=searchRetrieve&query=aunidref%3D1095692445&recordSchema=oai_dc&maximumRecords=1,GND-linked author records,,,,,,,,,,
Fahimeh Farsaie,"Farsaie, Fahimeh",Q23561071,Q23561071,Fahimeh Farsaie,German writer,120165775,Fahimeh Farsaie,https://www.wikidata.org/wiki/Special:EntityData/Q23561071.json,,12,https://services.dnb.de/sru/dnb?version=1.1&operation=searchRetrieve&query=aunidref%3D120165775&recordSchema=oai_dc&maximumRecords=1,GND-linked author records,,,,,,,,,,
Behzad Karim Khani,"Karim Khani, Behzad",Q112122649,Q112122649,Behzad Karim-Khani,deutscher Journalist und Schriftsteller,1257177729,Behzad Karim Khani,https://www.wikidata.org/wiki/Special:EntityData/Q112122649.json,,6,https://services.dnb.de/sru/dnb?version=1.1&operation=searchRetrieve&query=aunidref%3D1257177729&recordSchema=oai_dc&maximumRecords=1,GND-linked author records,,,,,,,,,,
Shirin Kumm,"Kumm, Shirin",Q139059078,Q139059078,,,132147505,,https://www.wikidata.org/wiki/Special:EntityData/Q139059078.json,,2,https://services.dnb.de/sru/dnb?version=1.1&operation=searchRetrieve&query=aunidref%3D132147505&recordSchema=oai_dc&maximumRecords=1,GND-linked author records,,,,,,,,,,
Noshin Shahrokhi,"Shahrokhi, Noshin",,,,,,,https://www.wikidata.org/w/api.php?action=wbsearchentities&search=Noshin+Shahrokhi&language=en&format=json&type=item&limit=3,,1,https://services.dnb.de/sru/dnb?version=1.1&operation=searchRetrieve&query=tit%3D%22Unerf%C3%BCllte+Tr%C3%A4ume+einer+Iranerin%22&recordSchema=oai_dc&maximumRecords=1,verified title fallback,,Unerfüllte Träume einer Iranerin,,,,,,,,
Shani Katayun,"Katayun, Shani",,,,,,,https://www.wikidata.org/w/api.php?action=wbsearchentities&search=Shani+Katayun&language=en&format=json&type=item&limit=3,,1,https://services.dnb.de/sru/dnb?version=1.1&operation=searchRetrieve&query=atr%3D%22Katayun%2C+Shani%22&recordSchema=oai_dc&maximumRecords=1,exact displayed author name,,,,,,,,,,
Nasrin Siege,"Siege, Nasrin",Q126787,Q126787,Nasrin Siege,German writer,120313464,Nasrin Siege,https://www.wikidata.org/wiki/Special:EntityData/Q126787.json,,47,https://services.dnb.de/sru/dnb?version=1.1&operation=searchRetrieve&query=aunidref%3D120313464&recordSchema=oai_dc&maximumRecords=1,GND-linked author records,,,,,,,,,,
Amir Gudarzi,"Gudarzi, Amir",Q122308265,Q122308265,Amir Gudarzi,iranisch-österreichischer Autor und Dramatiker,1251354939,Amir Gudarzi,https://www.wikidata.org/wiki/Special:EntityData/Q122308265.json,,3,https://services.dnb.de/sru/dnb?version=1.1&operation=searchRetrieve&query=aunidref%3D1251354939&recordSchema=oai_dc&maximumRecords=1,GND-linked author records,,,,,,,,,,
Asal Dardan,"Dardan, Asal",Q105271471,Q105271471,Asal Dardan,German writer,1227117027,Asal Dardan,https://www.wikidata.org/wiki/Special:EntityData/Q105271471.json,,15,https://services.dnb.de/sru/dnb?version=1.1&operation=searchRetrieve&query=aunidref%3D1227117027&recordSchema=oai_dc&maximumRecords=1,GND-linked author records,,,True,3,https://services.dnb.de/sru/dnb?version=1.1&operation=searchRetrieve&query=aunidref%3D1227117027+and+sgt%3DB&recordSchema=oai_dc&maximumRecords=100,3,https://services.dnb.de/sru/dnb?version=1.1&operation=searchRetrieve&query=aunidref%3D1227117027+and+sgt%3D830&recordSchema=oai_dc&maximumRecords=100,3,"Ost*West*frau* : Wie wir wurden, wer wir sind. Eine vielstimmige Anthologie über Ost- und West-Frauen zwischen politischen Systemen, Emanzipation und persönlicher Erfahrung. | Global & beta : E-Book Code Berlin. Anthologie / Assaf Alassaf, Kathrin Passig, Christiane Frohmann, Ansgar Warner, Alan Mills, Asal Dardan, Chloe Zeegen, Gregor Weichbrodt | Global & beta English version : E-Book Code Berlin. A Reader / Assaf Alassaf, Kathrin Passig, Christiane Frohmann, Alan Mills, Chloe Zeegen, Ansgar Warner, Asal Dardan",
Hengameh Yaghoobifarah,"Yaghoobifarah, Hengameh",Q61735940,Q61735940,Hengameh Yaghoobifarah,German-Iranian journalist and author,1114309885,Hengameh Yaghoobifarah,https://www.wikidata.org/wiki/Special:EntityData/Q61735940.json,,24,https://services.dnb.de/sru/dnb?version=1.1&operation=searchRetrieve&query=aunidref%3D1114309885&recordSchema=oai_dc&maximumRecords=1,GND-linked author records,,,,,,,,,,
May Atashkar,"Atashkar, May",,,,,,,https://www.wikidata.org/w/api.php?action=wbsearchentities&search=May+Atashkar&language=en&format=json&type=item&limit=3,,1,https://services.dnb.de/sru/dnb?version=1.1&operation=searchRetrieve&query=atr%3D%22Atashkar%2C+May%22&recordSchema=oai_dc&maximumRecords=1,exact displayed author name,,,,,,,,,,
Bahman Nirumand,"Nirumand, Bahman",Q77999,Q77999,Bahman Nirumand,writer,123474760,Bahman Nirumand,https://www.wikidata.org/wiki/Special:EntityData/Q77999.json,,40,https://services.dnb.de/sru/dnb?version=1.1&operation=searchRetrieve&query=aunidref%3D123474760&recordSchema=oai_dc&maximumRecords=1,GND-linked author records,,,True,0,https://services.dnb.de/sru/dnb?version=1.1&operation=searchRetrieve&query=aunidref%3D123474760+and+sgt%3DB&recordSchema=oai_dc&maximumRecords=100,0,https://services.dnb.de/sru/dnb?version=1.1&operation=searchRetrieve&query=aunidref%3D123474760+and+sgt%3D830&recordSchema=oai_dc&maximumRecords=100,0,,
